{
  "itemGroup.industrialforegoing_core": "Industrial Foregoing: コア",
  "itemGroup.industrialforegoing_tool": "Industrial Foregoing: 道具",
  "itemGroup.industrialforegoing_transport": "Industrial Foregoing: 運送",
  "itemGroup.industrialforegoing_generator": "Industrial Foregoing: 発電機",
  "itemGroup.industrialforegoing_ag_hus": "Industrial Foregoing: 農業",
  "itemGroup.industrialforegoing_resource_production": "Industrial Foregoing: 工業",
  "itemGroup.industrialforegoing_misc": "Industrial Foregoing: その他",
  "key.industrialforegoing.category": "Industrial Foregoing",
  "key.industrialforegoing.backpack.desc": "無限バックを開く",
  "text.industrialforegoing.display.burning": "燃焼:",
  "text.industrialforegoing.display.producing": "稼働中:",
  "text.industrialforegoing.display.amount": "量:",
  "text.industrialforegoing.display.block": "ブロック:",
  "text.industrialforegoing.display.item": "アイテム:",
  "text.industrialforegoing.display.empty": "なし",
  "text.industrialforegoing.display.fluid": "液体:",
  "text.industrialforegoing.display.stacksize": "スタック数:",
  "text.industrialforegoing.display.filter": "フィルター:",
  "text.industrialforegoing.display.efficiency": "効率:",
  "text.industrialforegoing.display.dye_amount": "染料:",
  "text.industrialforegoing.display.work": "作業:",
  "text.industrialforegoing.display.no_laser_base": "レーザー受信機械が不明",
  "text.industrialforegoing.display.power": "パワー:",
  "text.industrialforegoing.display.tier": "ランク:",
  "text.industrialforegoing.display.max_area": "最大エリア:",
  "text.industrialforegoing.display.current_area": "稼働エリア:",
  "text.industrialforegoing.display.next_tier": "次のランク",
  "text.industrialforegoing.display.charging": "チャージ: ",
  "text.industrialforegoing.display.disabled": "無効",
  "text.industrialforegoing.display.enabled": "有効",
  "text.industrialforegoing.display.special": "シャイン",
  "text.industrialforegoing.display.beheading": "頭狩り",
  "text.industrialforegoing.button.decrease_stack": "減らす",
  "text.industrialforegoing.button.increase_stack": "増やす",
  "text.industrialforegoing.button.decrease_trade": "前",
  "text.industrialforegoing.button.increase_trade": "次",
  "text.industrialforegoing.button.decrease_fluid": "前",
  "text.industrialforegoing.button.increase_fluid": "次",
  "text.industrialforegoing.button.decrease": "前",
  "text.industrialforegoing.button.increase": "次",
  "text.industrialforegoing.button.increase_depth": "範囲拡大",
  "text.industrialforegoing.button.decrease_depth": "範囲縮小",
  "text.industrialforegoing.button.stone.stopped": "ストップ",
  "text.industrialforegoing.button.stone.furnace": "かまど",
  "text.industrialforegoing.button.stone.two_craft": "2x2 クラフト",
  "text.industrialforegoing.button.stone.three_craft": "3x3 クラフト",
  "text.industrialforegoing.button.stone.grind": "粉砕",
  "text.industrialforegoing.button.show_area": "範囲を表示",
  "text.industrialforegoing.button.hide_area": "範囲を非表示",
  "text.industrialforegoing.button.gather.any": "全て収集",
  "text.industrialforegoing.button.gather.plant": "作物のみ",
  "text.industrialforegoing.button.gather.tree": "樹木のみ",
  "text.industrialforegoing.button.blackhole.fill": "全て取り出す",
  "text.industrialforegoing.button.blackhole.empty": "全て収納する",
  "text.industrialforegoing.button.sower.hoe.true": "収穫 有効",
  "text.industrialforegoing.button.sower.hoe.false": "収穫 無効",
  "text.industrialforegoing.button.jei.next_rarity": "次のランク情報",
  "text.industrialforegoing.button.jei.prev_rarity": "前のランク情報",
  "text.industrialforegoing.tooltip.hold_shift": "<Shift で詳細表示>",
  "text.industrialforegoing.tooltip.accepts_range_addons": "* 範囲アドオン可",
  "text.industrialforegoing.tooltip.range": "* 範囲: {0}x{1} (幅 x 高さ)",
  "text.industrialforegoing.tooltip.adult_filter": "* 親子反転アドオン可",
  "text.industrialforegoing.tooltip.fortune_addon": "* 幸運アドオン可",
  "text.industrialforegoing.tooltip.energy_field_charge": "チャージ:",
  "text.industrialforegoing.tooltip.energy_field_linked": "リンク座標:",
  "text.industrialforegoing.tooltip.energy_field_right_click": "右クリックでエネルギー転送アドオンをリンクする",
  "text.industrialforegoing.tooltip.items": "個",
  "text.industrialforegoing.tooltip.mb": "mb",
  "text.industrialforegoing.tooltip.contains": "格納",
  "text.industrialforegoing.tooltip.can_hold": "容量",
  "text.industrialforegoing.tooltip.item": "有効なアイテム",
  "text.industrialforegoing.tooltip.void_items": "無効なアイテム",
  "text.industrialforegoing.tooltip.max_transfer_amount": "最大転送量:",
  "text.industrialforegoing.tooltip.tick_time": "10ティック",
  "text.industrialforegoing.tooltip.no_wither_skull": "頭を設置できません",
  "text.industrialforegoing.tooltip.max_tier": "最高ランク:",
  "text.industrialforegoing.tooltip.found_heat": "燃料",
  "text.industrialforegoing.tooltip.missing_heat": "燃料がありません",
  "text.industrialforegoing.tooltip.found_cold": "冷却材",
  "text.industrialforegoing.tooltip.missing_cold": "冷却材がありません",
  "text.industrialforegoing.tooltip.whitelisted_biomes": "ホワイトリスト",
  "text.industrialforegoing.tooltip.blacklisted_biomes": "ブラックリスト",
  "text.industrialforegoing.tooltip.power_optional": "* 電力無しで微稼働",
  "text.industrialforegoing.tooltip.ctrl_left": "(Ctrl + 左クリックでチェンジ)",
  "text.industrialforegoing.tooltip.ctrl_right": "(Ctrl + 右クリックでチェンジ)",
  "text.industrialforegoing.tooltip.fermentation_station.tank_full": "§6トリガー: §fタンク満タン",
  "text.industrialforegoing.tooltip.fermentation_station.tank_half": "§6トリガー: §fタンク半分",
  "text.industrialforegoing.tooltip.fermentation_station.tank_one": "§6トリガー: §fバケツ1杯分",
  "text.industrialforegoing.tooltip.fermentation_station.processing_two": "§6生成倍率: §f2倍",
  "text.industrialforegoing.tooltip.fermentation_station.processing_three": "§6生成倍率: §f3倍",
  "text.industrialforegoing.tooltip.fermentation_station.processing_four": "§6生成倍率: §f4倍",
  "text.industrialforegoing.tooltip.fermentation_station.processing_five": "§6生成倍率: §f5倍",
  "text.industrialforegoing.tooltip.fermentation_station.time": "§6時間: §f",
  "text.industrialforegoing.tooltip.fermentation_station.catalyst": "§6触媒: §f",
  "text.industrialforegoing.direction": "方向:",
  "text.industrialforegoing.extra_range": "範囲: ",
  "text.industrialforegoing.up": "天",
  "text.industrialforegoing.down": "地",
  "text.industrialforegoing.east": "東",
  "text.industrialforegoing.west": "西",
  "text.industrialforegoing.north": "北",
  "text.industrialforegoing.south": "南",
  "text.industrialforegoing.action": "状態:",
  "text.industrialforegoing.launcher.release": " リリース",
  "text.industrialforegoing.launcher.capture": " キャプチャ",
  "text.industrialforegoing.launcher.damage": " ダメージ",
  "text.industrialforegoing.push": "搬入",
  "text.industrialforegoing.pull": "搬出",
  "text.industrialforegoing.maxy": "最高座標:",
  "text.industrialforegoing.miny": "最低座標:",
  "text.industrialforegoing.weight": "幅:",
  "text.industrialforegoing.biomes": "バイオーム",
  "text.industrialforegoing.leaf_shearing_addon": "* 葉回収アドオン可",
  "text.industrialforegoing.can_harvest": "* 収穫可能:",
  "text.industrialforegoing.plant.any": "- 作物",
  "text.industrialforegoing.plant.nether_wart": "- ネザーウォート",
  "text.industrialforegoing.plant.chorus": "- コーラスフルーツ",
  "text.industrialforegoing.plant.sugar_cane": "- さとうきび §o(植えなおし不要)",
  "text.industrialforegoing.plant.cactus": "- サボテン §o(植えなおし不要)",
  "text.industrialforegoing.plant.melon": "- スイカ §o(植えなおし不要)",
  "text.industrialforegoing.plant.pumpkin": "- かぼちゃ §o(植えなおし不要)",
  "text.industrialforegoing.plant.any_tree": "- 樹木",
  "text.industrialforegoing.plant.slime_tree": "- スライムの木",
  "death.attack.damage.if.nuke": "%1$sは核爆発に巻き込まれた",
  "__comment": "!-- PAGE FORMAT HELP",
  "__comment1": "@L@\" -> Adds a new line",
  "__comment2": "@PAGE@\" -> Will create a new page and the following text will be in a new page",
  "__comment3": "{\" -> Will start a bold/colored string to be highlighted",
  "__comment4": "}\" -> Will stop the highlight -->",
  "text.industrialforegoing.book.title": "Industrial Foregoing 説明書",
  "text.industrialforegoing.book.landing": "全ての事を自動化したい方よ！",
  "text.industrialforegoing.book.category.getting_started": "最初にやる事",
  "text.industrialforegoing.book.category.generators": "発電機",
  "text.industrialforegoing.book.category.agriculture": "農業",
  "text.industrialforegoing.book.category.animal_husbandry": "牧畜",
  "text.industrialforegoing.book.category.magic": "エンチャント",
  "text.industrialforegoing.book.category.storage": "倉庫",
  "text.industrialforegoing.book.category.mob_interaction": "モブ関係",
  "text.industrialforegoing.book.category.resource_production": "生産",
  "text.industrialforegoing.book.category.items": "アイテム",
  "text.industrialforegoing.book.category.conveyors": "ベルトコンベヤ",
  "text.industrialforegoing.book.sewer": "When provided with power it will collect {Sewage} from the animals in top.",
  "text.industrialforegoing.book.animal_growth_increaser": "When provided with power and {breeding} food, it will feed baby animals to make them {grow} faster.",
  "text.industrialforegoing.book.animal_independence_selector": "When provided with power it will move {baby} animals from the back to the front.@L@@L@If {Adult Filter} is installed it will move adult animals instead of baby animals.",
  "text.industrialforegoing.book.animal_resource_harvester": "When provided with power it will try to interact animals with {buckets} and {shears} to milk cows and shear sheeps.@L@@L@It will also get {ink sacks} from squids.",
  "text.industrialforegoing.book.animal_stock_increaser": "When provided with power and {food} for the animals it will feed them and put them in the mood. It needs the breeding item for the animal.\\@L@\\@L@There can only be {35} animals at the same time in the working area.",
  "text.industrialforegoing.book.biofuel_generator": "Produces power when provided with Biofuel. A {bucket} of biofuel will produce 160RF/t, a total {640,000}RF. About {28} generators can be run from 1 {Bioreactor}.",
  "text.industrialforegoing.book.bioreactor": "When provided with {power} and {bio materials} will produce {biofuel}.@L@@L@Each item will increase the efficiency of all the items by {10}mb, at maximum efficiency, the reactor will produce {1440}mb consuming {9} different items.",
  "text.industrialforegoing.book.black_hole_controller": "It can hold 9 {Black Hole Units} and access its items. That means 9 times {2,147,483,647} of items.",
  "text.industrialforegoing.book.black_hole_tank": "It can can hold up to {2,147,483,647}mb of one fluid.",
  "text.industrialforegoing.book.black_hole_unit": "It can can hold up to {2,147,483,647} of one item.",
  "text.industrialforegoing.book.block_destroyer": "When provided with power, it will {break} any block in front of it and move it to its inventory.",
  "text.industrialforegoing.book.block_placer": "When provided with power, it will {place} in front of it the blocks in its inventory.",
  "text.industrialforegoing.book.crop_enrich_material_injector": "When provided with power and fertilizer it will bonemeal crops and saplings.@L@@L@Accepted fertilizers: {bonemeal}, {Industrial Foregoing's} and {Forestry} fertilizer.",
  "text.industrialforegoing.book.crop_recolector": "When provided with power it will {harvest} fully grown crops and chop down trees, this includes pumpkins, melons and nether wart. Each operation will produce a bit of {sludge} that can be used in the {Sludge Refiner} to obtain some material. (Having the tank full will {not} slow the machine)",
  "text.industrialforegoing.book.crop_sower": "Plants seeds and saplings to be gathered in the {Plant Gatherer}. You can {lock} the slots by clicking in the lock and it will {filter} the inputs.@L@@L@The {colored} background represents the colored parts in the {top} of the block.",
  "text.industrialforegoing.book.dye_mixer": "It will produce {dye} more efficiently that normal crafting.@L@@L@Giving it {red} dye, {green} dye and {blue} dye will fill the color buffers. When given a {Laser Lens} will focus that color and produce the specified dye.",
  "text.industrialforegoing.book.enchantment_aplicator": "When provided with power it will act like an {anvil} but instead of player experience levels it will use {Essence} to achieve it.",
  "text.industrialforegoing.book.enchantment_extractor": "When provided with power, a {book} and a {enchanted} item it will remove {1} enchantment from the item and apply it to the book.@L@@L@The enchanted item won't be damaged in the process.",
  "text.industrialforegoing.book.enchantment_invoker": "When provided with power, an {enchanteable} item and {Essence} it will enchant the item just like an {enchanting table} does.@L@@L@It will use {3} buckets of Essence to do a {30} level enchant.",
  "text.industrialforegoing.book.enchantment_refiner": "When provided with power and {any} item it will {sort} enchanted items from non enchanted items.@L@@L@Enchanted items will go to the {top} row and the non enchanted ones will go to the {bottom} row.",
  "text.industrialforegoing.book.energy_field_provider": "The {Energy Field Addon} is an item that will go into the addon slots of any working machine. It will give {power} to the machines from its internal buffer.@L@@L@The {Energy Field Provider} will charge the internal buffer of the addons that are {linked} to it and are in its {range}.",
  "text.industrialforegoing.book.fluid_crafter": "The {fluid crafter} will craft anything that needs {one} fluid type instead of using the {buckets} in the recipe. To make it work you need to put the items in the grid and {lock it}. After that you can supply the items in the grid and the fluid in the tank.@L@@L@If the recipe has multiple of one item you can use {Item Splitter} to use it easier.",
  "text.industrialforegoing.book.fluid_pump": "When placed above a fluid, the Fluid Pump will take that fluid as a {filter} and begin to drain all fluids of the same type in the working area, it will search all the fluids {below} the fluids in the working area and drain them too. @L@@L@All the drained fluids will be replaced with {cobblestone}.",
  "text.industrialforegoing.book.hydrator": "When provided with power it will increase the {grow speed} of the crops in the working area.",
  "text.industrialforegoing.book.item_splitter": "It will {split} the defined stack size on each slot of the allowed sides of the {output}.",
  "text.industrialforegoing.book.laser_base": "When fully charged with {Laser Drills} it will produce ores based on depth and biome.@L@@L@You can increase the chance of producing an ore by adding {Laser Lens} to it.@L@@L@You can decrease the chance of an ore by using an {Laser Lens (Inverted)}, that will increase the chance of the other ores a bit.@L@@L@{Check JEI for chances}.",
  "text.industrialforegoing.book.laser_drill": "When placed {1} block away of a {Laser Base} it will charge it with power.@L@@L@If it is wrongly placed it will have a name tag on top telling you so.",
  "text.industrialforegoing.book.latex_processing_unit": "When provided with {power}, {water} and {latex} will produce tiny dry rubber.@L@@L@It will consume {75}mb of latex and {1000}mb of water to produce {1} tiny dry rubber.",
  "text.industrialforegoing.book.lava_fabricator": "When provided with large amounts of power, it will produce {lava}.",
  "text.industrialforegoing.book.material_stonework_factory": "When provided with power it will start generating {cobblestone}. It has {4} operations that the machine can do. It can {smelt} items, {2x2} craft them, it can {grind} them and it can {3x3} craft them.@L@@L@For example, the first slot has cobble and the first operation is 'Smelt', then the cobble will turn into stone, the second operation is 2x2 craft, then the stone will turn into stone bricks, etc.",
  "text.industrialforegoing.book.mob_detector": "It will emit a {Redstone Signal} to the back depending on the amount of entities in front of it.",
  "text.industrialforegoing.book.mob_duplicator": "When provided with power, {Essence} and any entity in a {Mob Imprisonment Tool} it will spawn them around it.@L@@L@It will {count} the entities nearby and stop spawning if there are too many.",
  "text.industrialforegoing.book.mob_relocator": "When provided with power it will {kill} any entity in front of it as if a player would.@L@@L@It will {collect} the dropped items and it will transform the experience orbs into {Essence}\". When having the {Adult Filter Addon} it will kill only adult mobs.",
  "text.industrialforegoing.book.mob_slaughter_factory": "When provided with power it will {grind} any entity in front of it and produce {Liquid Meat} from it.@L@@L@It will {not} drop items or experience in the process.@L@@L@It will also produce {some pink} slime in the process.",
  "text.industrialforegoing.book.oredictionary_converter": "It will transform items with the same {oredicted} entry into the filtered item.",
  "text.industrialforegoing.book.ore_processor": "It will break down {Silk Touched} ores into its drops.@L@@L@Providing it with {Essence} break them with fortune.",
  "text.industrialforegoing.book.petrified_fuel_generator": "When provided with any {solid fuel} will produce power. The {RF}/tick is decided from its burn time, the more {burn time} the fuel has the more {RF}/tick it will produce.@L@@L@NOTE: All fuels burn the same time.",
  "text.industrialforegoing.book.potion_enervator": "When provided with power it will act like an advanced version of the {brewing stand}.@L@@L@First of all it will {fill} glass bottles with water then it will start {brewing} all the ingredients in the top row in {order}, from left to right.@L@@L@Follow the {arrow} to check the current operation.",
  "text.industrialforegoing.book.protein_generator": "\"Produces power when provided with Protein. A {bucket} of protein will produce 320RF/t, a total {1,280,000}RF.",
  "text.industrialforegoing.book.protein_reactor": "When provided with {power} and {some animals drops} will produce {protein}.@L@@L@Each item will increase the efficiency of all the items by {10}mb, at maximum efficiency, the reactor will produce {1440}mb consuming {9} different items.",
  "text.industrialforegoing.book.resourceful_furnace": "It acts like a normal {furnace} but it can burn {3} items at a time and will produce a bit of {Essence} each time a item is smelted.",
  "text.industrialforegoing.book.sewage_composter_solidifier": "When provided with power and {2} buckets of Sewage, it will solidify it into {Fertilizer}.",
  "text.industrialforegoing.book.sludge_refiner": "When provided with power and {1} bucket of Sludge (Produced in the Plant Gatherer), it will produce {earth like} materials.@L@@L@{If JEI is installed look the uses of the Sludge Refiner to check the chance of the produced materials}.",
  "text.industrialforegoing.book.spores_recreator": "When provided with power, {1} bucket of water and a {mushroom} of any kind it will grow them internally.",
  "text.industrialforegoing.book.tree_fluid_extractor": "When placed in front of any {log} it will produce {Liquid Latex}.@L@@L@It will slowly {consume} the log, each Tree Fluid Extractor contributes to the consuming of the log.",
  "text.industrialforegoing.book.villager_trade_exchanger": "When provided with power and a {Mob Imprisonent Tool} with a {Villager} in it, will give you access to automatically trade with the villager.",
  "text.industrialforegoing.book.water_condensator": "When having {2} of more sides with water sources blocks it will start collecting water.@L@@L@The more sides with source blocks the more water it will produce.",
  "text.industrialforegoing.book.water_resources_collector": "When placed over a pool of {3x3} pool of water it will automatically {fish}.",
  "text.industrialforegoing.book.wither_builder": "When provided with power, {3} Wither Skulls and {4} soulsand, it will completely build the wither spawning structure in the working area.",
  "text.industrialforegoing.book.accepted_items": "Accepted items:",
  "text.industrialforegoing.book.produced_items": "Produced items:",
  "text.industrialforegoing.book.welcome_manual": "Welcome to Industrial Foregoing's Manual!@L@@L@To get started you need to place a Tree Fluid Extractor in front of a log to collect Latex and pump into Latex Processing Unit with some water to get Tiny Rubber. @L@@L@{NOTE: Machines don't auto eject, neither they pull! Machines accept RF, FE, Tesla and Mek power.}",
  "text.industrialforegoing.book.mob_imprisonment_tool": "When right clicked an entity with the item in the hand it will {hold} the entity inside it.",
  "text.industrialforegoing.book.meat_feeder": "When the Meat Feeder is in your {inventory} and has some {Liquid Meat} in it, will automatically {feed} you.@L@@L@It acts like a normal fluid container.",
  "text.industrialforegoing.book.range_addon": "It will increase the working {range} of some machines. Not all of the machines will accept them.",
  "text.industrialforegoing.book.straw": "It allows you to {drink} in world fluids or in tanks. It can cause different {effects} depending on the fluid.@L@@L@@L@@L@@L@(I'm not responsible of the bad effects that the straw can cause)",
  "text.industrialforegoing.book.pink_slime": "Can be obtained by killing a {Pink Slime} that will spawned when placing some {Pink Slime Fluid} in the world.",
  "text.industrialforegoing.book.upgrades": "Industrial Foregoing doesn't have speed upgrades but you can used {Energy Upgrades} and {Speed Upgrades} from Tesla Core Lib to speed up machines. They need the previous tier to be installed to be able to add the next one.",
  "text.industrialforegoing.book.plant_interactor": "When provided with power, it will {right click} crops and fruits to harvest them and store them in its inventory or drop them in the ground if they can't be stored. @L@@L@{*It works with Pam's Fruits and Plants by default.}",
  "text.industrialforegoing.book.transfer_addon": "Transfer addons come in all the shapes and forms but only can transfer {items} and {fluids}, and they can pull and they can push.@L@@L@To change the direction of the action simply {right click} it to cycle between the directions or {shift right click} a side of a block to select that direction. You can enchant the addon with {Efficiency} to increase its transfer amount.",
  "text.industrialforegoing.book.fluiddictionary_converter": "This machine will transform similar fluids from different mods. You can check {JEI} for possible recipes. You simply need to click on the buttons to select the fluid.",
  "text.industrialforegoing.book.conveyors": "Conveyors will {push} any entites to the direction they are facing. They come on different colors and verticality.@L@@L@They can be upgraded by right-clicking them with {glowstone dust} and the will move entities faster. Right-clicking them with {plastic} will prevent the items from being picked up.@PAGE@It also has a different {upgrades} that can be attached to the sides or the center of the conveyor. They will be placed on the {further} side of the conveyor. Upgrades can be removed by sneak + right clicking on it.",
  "text.industrialforegoing.book.conveyor_upgrade_extraction": "The extraction upgrade will try to {extract} items from the inventories that are touching the upgrade and place them inside of the conveyor. @L@@L@It has a {filter} with whitelist or blacklist and it can be upgraded with {glowstone dust} to speed up the extaction. (It will stop extracting if it extracted too many items that aren't picked up)",
  "text.industrialforegoing.book.conveyor_upgrade_insertion": "The insertion upgrade will try to {insert} items that are touching the upgrade into the inventory touching the upgrade side. @L@@L@It has a {filter} with whitelist or blacklist for the insertion. The {range} can be increased in the GUI so it will pick up all the items in the conveyor instead of the items just touching the upgrade.",
  "text.industrialforegoing.book.conveyor_upgrade_detection": "The detection upgrade is placed in the center part of the conveyor and will emmit a {redstone} signal when triggered by an entity.@L@@L@It has a {filter} with whitelist or blacklist and you can filter mobs by using a {Mob Imprisonment Tool} with an entity in it. The {redstone control} can be inverted in the GUI.",
  "text.industrialforegoing.book.conveyor_upgrade_bouncing": "The bouncing upgrade is placed in the center part of the conveyor and it will {launch} entites in the air in the direction the conveyor is facing.@L@@L@It has a {filter} with whitelist or blacklist and you can filter mobs by using a {Mob Imprisonment Tool} with an entity in it. The {velocity} values (horizontal and vertical) can be changed in the GUI.",
  "text.industrialforegoing.book.conveyor_upgrade_dropping": "The dropping upgrade is placed in the center part of the conveyor and it will {drop} entities directly below it or insert items in inventories below it.@L@@L@It has a {filter} with whitelist or blacklist and you can filter mobs by using a {Mob Imprisonment Tool} with an entity in it.",
  "text.industrialforegoing.book.conveyor_upgrade_blinking": "The blinking upgrade is placed in the center part of the conveyor and it will {teleport} entities in a short range in front of the conveyor. @L@@L@It has a {filter} with whitelist or blacklist and you can filter mobs by using a {Mob Imprisonment Tool} with an entity in it. The teleport {distance} can be configured in the GUI.",
  "text.industrialforegoing.book.conveyor_upgrade_splitting": "The splitting upgrade will {distribute} entities evenly, or with the configured ratio, to the side the upgrade is placed.@L@@L@The more {ratio} it has the more entities will go that way. The ratio can be configured in the GUI.",
  "text.industrialforegoing.book.froster": "The froster allows you to create cold substances by spinning the supplied {water} at very fast speeds and reducing the temperature using {power}.",
  "text.industrialforegoing.book.ore_washer": "When provided with {liquid meat} and an {ore} it will wash the ore bits with meat into {raw ore meat} for further processing.",
  "text.industrialforegoing.book.ore_fermenter": "When provided with {raw ore meat} it will be processed into {fermented ore meat} and growing it's size. It needs a {hot source}(hot fluids, fire, magma blocks) on the bottom and a {cold fluid}(cold fluids, ice, ...) in any other side.",
  "text.industrialforegoing.book.ore_sieve": "When provided with {fermented ore meat} and a little bit of {sand}, it will filter the ore from the meat and transform it into {dust}.",
  "text.industrialforegoing.book.fortune_addon": "It will add {fortune/looting} to the machines that accept the addon. It needs to be enchanted with {Fortune} and it will use the enchantment level for the machine actions.",
  "text.industrialforegoing.book.pitiful_fuel_generator": "Works the same as the Petrified Fuel Generator but it only accepts {wood} stuf.",
  "text.industrialforegoing.book.infinity_drill": "A powerful drill that has lost all of it's power. By recharging it will allow you to destroy worlds at a bigger rates. The more power it has, the bigger areas it can mine. In order to preserve that energy it can use {Biofuel} at a more efficient rate. Shift+Right Clicking it will allow you to change the mining area. @L@@L@{It holds secrets that can be easily achieved by Patreons and some rare mobs in the world.}",
  "text.industrialforegoing.chat.crusher_kill": "%s%dはモブ粉砕機にかけられた",
  "text.industrialforegoing.chat.slaughter_kill": "%s%dはモブ屠殺機にかけられた",
  "block.industrialforegoing.machine_frame_pity": "簡易機械ケース",
  "block.industrialforegoing.machine_frame_simple": "工業機械ケース",
  "block.industrialforegoing.machine_frame_advanced": "発展機械ケース",
  "block.industrialforegoing.machine_frame_supreme": "最高機械ケース",
  "block.industrialforegoing.dissolution_chamber": "溶解作業機",
  "block.industrialforegoing.petrified_fuel_generator": "固形燃料発電機",
  "block.industrialforegoing.mechanical_dirt": "カースドアース発生機",
  "block.industrialforegoing.enchantment_sorter": "エンチャント分別機",
  "block.industrialforegoing.enchantment_extractor": "エンチャント抽出機",
  "block.industrialforegoing.enchantment_applicator": "エンチャント適用機",
  "block.industrialforegoing.mob_crusher": "モブ破砕機",
  "block.industrialforegoing.potion_brewer": "ポーション醸造機",
  "block.industrialforegoing.animal_baby_separator": "動物幼体仕分け機",
  "block.industrialforegoing.animal_feeder": "動物給餌機",
  "block.industrialforegoing.plant_sower": "植物播種機",
  "block.industrialforegoing.plant_gatherer": "植物収穫機",
  "block.industrialforegoing.plant_fertilizer": "植物施肥機",
  "block.industrialforegoing.black_hole_unit": "ブラックホールコンテナ",
  "block.industrialforegoing.water_condensator": "水源生成機",
  "block.industrialforegoing.marine_fisher": "自動釣り機",
  "block.industrialforegoing.animal_rancher": "動物採取機",
  "block.industrialforegoing.mob_slaughter_factory": "モブ屠殺機",
  "block.industrialforegoing.mob_duplicator": "モブ複製機",
  "block.industrialforegoing.block_breaker": "ブロック回収機",
  "block.industrialforegoing.block_placer": "ブロック設置機",
  "block.industrialforegoing.fluid_extractor": "樹液抽出機",
  "block.industrialforegoing.latex_processing_unit": "樹液加工機",
  "block.industrialforegoing.sewage_composter": "汚水処理機",
  "block.industrialforegoing.sewer": "汚水収集機",
  "block.industrialforegoing.sludge_refiner": "汚泥処理機",
  "block.industrialforegoing.mob_detector": "モブ検出機",
  "block.industrialforegoing.lava_fabricator": "溶岩生成機",
  "block.industrialforegoing.bioreactor": "バイオ燃料生成機",
  "block.industrialforegoing.biofuel_generator": "バイオ燃料発電機",
  "block.industrialforegoing.ore_laser_base": "レーザー採掘機",
  "block.industrialforegoing.laser_drill": "レーザー発生機",
  "block.industrialforegoing.ore_processor": "鉱石処理機",
  "block.industrialforegoing.black_hole_controller": "ブラックホールコントローラ",
  "block.industrialforegoing.dye_mixer": "染料混合機",
  "block.industrialforegoing.enchantment_factory": "エンチャント工場",
  "block.industrialforegoing.spores_recreator": "胞子培養機",
  "block.industrialforegoing.animal_growth_increaser": "動物成長機",
  "block.industrialforegoing.material_stonework_factory": "ブロック工場",
  "block.industrialforegoing.black_hole_tank": "ブラックホールタンク",
  "block.industrialforegoing.resourceful_furnace": "多機能かまど",
  "block.industrialforegoing.villager_trade_exchanger": "村人取引機",
  "block.industrialforegoing.energy_field_provider": "エネルギー供給機",
  "block.industrialforegoing.oredictionary_converter": "鉱石辞書変換機",
  "block.industrialforegoing.item_splitter": "アイテム分割機",
  "block.industrialforegoing.protein_reactor": "プロテイン生成機",
  "block.industrialforegoing.protein_generator": "プロテイン発電機",
  "block.industrialforegoing.hydrator": "保湿機",
  "block.industrialforegoing.wither_builder": "ウィザー構築機",
  "block.industrialforegoing.fluid_pump": "液体汲み上げ機",
  "block.industrialforegoing.fluid_crafter": "液体作業機",
  "block.industrialforegoing.plant_interactor": "植物作用機",
  "block.industrialforegoing.fluiddictionary_converter": "液体辞書変換機",
  "block.industrialforegoing.conveyor": "ベルトコンベヤ",
  "block.industrialforegoing.black_hole_label": "ブラックホールラベル",
  "block.industrialforegoing.froster": "冷却機",
  "block.industrialforegoing.washing_factory": "鉱石洗浄機",
  "block.industrialforegoing.fermentation_station": "鉱液発酵機",
  "block.industrialforegoing.fluid_sieving_machine": "液体濾過機",
  "block.industrialforegoing.pitiful_generator": "弱燃料発電機",
  "block.industrialforegoing.fluid_collector": "液体回収機",
  "block.industrialforegoing.fluid_placer": "液体設置機",
  "block.industrialforegoing.stasis_chamber": "停滞機",
  "block.industrialforegoing.dark_glass": "ダークガラス",
  "block.industrialforegoing.fluid_laser_base": "レーザー汲み出し機",
  "block.industrialforegoing.infinity_charger": "蓄電機",
  "block.industrialforegoing.mycelial_furnace": "かまど発電機",
  "industrialforegoing.jei.category.furnace": "かまど発電機",
  "block.industrialforegoing.mycelial_potion": "ポーション発電機",
  "industrialforegoing.jei.category.potion": "ポーション発電機",
  "block.industrialforegoing.mycelial_culinary": "食物発電機",
  "industrialforegoing.jei.category.culinary": "食物発電機",
  "block.industrialforegoing.mycelial_slimey": "スライム発電機",
  "industrialforegoing.jei.category.slimey": "スライム発電機",
  "block.industrialforegoing.mycelial_disenchantment": "エンチャント発電機",
  "industrialforegoing.jei.category.disenchantment": "エンチャント発電機",
  "block.industrialforegoing.mycelial_ender": "エンダー発電機",
  "industrialforegoing.jei.category.ender": "エンダー発電機",
  "block.industrialforegoing.mycelial_explosive": "爆弾発電機",
  "industrialforegoing.jei.category.explosive": "爆弾発電機",
  "block.industrialforegoing.mycelial_frosty": "氷雪発電機",
  "industrialforegoing.jei.category.frosty": "氷雪発電機",
  "block.industrialforegoing.mycelial_halitosis": "ブレス発電機",
  "industrialforegoing.jei.category.halitosis": "ブレス発電機",
  "block.industrialforegoing.mycelial_magma": "溶岩発電機",
  "industrialforegoing.jei.category.magma": "溶岩発電機",
  "block.industrialforegoing.mycelial_pink": "ピンク発電機",
  "industrialforegoing.jei.category.pink": "ピンク発電機",
  "block.industrialforegoing.mycelial_death": "アンデット発電機",
  "industrialforegoing.jei.category.death": "アンデット発電機",
  "block.industrialforegoing.mycelial_netherstar": "ネザースター発電機",
  "industrialforegoing.jei.category.netherstar": "ネザースター発電機",
  "block.industrialforegoing.mycelial_reactor": "虹色発電機",
  "block.industrialforegoing.mycelial_rocket": "ロケット発電機",
  "industrialforegoing.jei.category.rocket": "ロケット発電機",
  "block.industrialforegoing.mycelial_crimed": "ナイリウム発電機",
  "industrialforegoing.jei.category.crimed": "ナイリウム発電機",
  "block.industrialforegoing.mycelial_meatallurgic": "冶金発電機",
  "industrialforegoing.jei.category.meatallurgic": "冶金発電機",
  "block.industrialforegoing.supreme_black_hole_unit": "最高ブラックホールコンテナ",
  "block.industrialforegoing.advanced_black_hole_unit": "発展ブラックホールコンテナ",
  "block.industrialforegoing.simple_black_hole_unit": "工業ブラックホールコンテナ",
  "block.industrialforegoing.pity_black_hole_unit": "簡易ブラックホールコンテナ",
  "block.industrialforegoing.common_black_hole_unit": "収納ブラックホールコンテナ",
  "block.industrialforegoing.supreme_black_hole_tank": "最高ブラックホールタンク",
  "block.industrialforegoing.advanced_black_hole_tank": "発展ブラックホールタンク",
  "block.industrialforegoing.simple_black_hole_tank": "工業ブラックホールタンク",
  "block.industrialforegoing.pity_black_hole_tank": "簡易ブラックホールタンク",
  "block.industrialforegoing.common_black_hole_tank": "収納ブラックホールタンク",
  "block.industrialforegoing.hydroponic_bed": "養液孵化機",
  "block.essence": "エッセンス",
  "block.meat": "肉塊",
  "block.sewage": "汚水",
  "block.sludge": "汚泥",
  "block.biofuel": "バイオ燃料",
  "block.latex": "樹液",
  "block.pink_slime": "ピンクスライム",
  "block.protein": "プロテイン",
  "entity.pink_slime": "ピンクスライム",
  "fluid.industrialforegoing.essence": "エッセンス",
  "fluid.industrialforegoing.meat": "肉塊",
  "fluid.industrialforegoing.sewage": "汚水",
  "fluid.industrialforegoing.sludge": "汚泥",
  "fluid.industrialforegoing.biofuel": "バイオ燃料",
  "fluid.industrialforegoing.latex": "樹液",
  "fluid.industrialforegoing.pink_slime": "ピンクスライム",
  "fluid.industrialforegoing.protein": "プロテイン",
  "fluid.industrialforegoing.ether_gas": "エーテルガス",
  "fluid.industrialforegoing.raw_ore_meat": "液体鉱石",
  "fluid.industrialforegoing.fermented_ore_meat": "発酵鉱石",
  "item.industrialforegoing.essence_bucket": "エッセンス入りバケツ",
  "item.industrialforegoing.meat_bucket": "肉塊入りバケツ",
  "item.industrialforegoing.sewage_bucket": "汚水入りバケツ",
  "item.industrialforegoing.sludge_bucket": "汚泥入りバケツ",
  "item.industrialforegoing.biofuel_bucket": "バイオ燃料入りバケツ",
  "item.industrialforegoing.latex_bucket": "樹液入りバケツ",
  "item.industrialforegoing.pink_slime_bucket": "ピンクスライム入りバケツ",
  "item.industrialforegoing.protein_bucket": "プロテイン入りバケツ",
  "item.industrialforegoing.ether_gas_bucket": "エーテルガス入りバケツ",
  "item.industrialforegoing.raw_ore_meat_bucket": "液体鉱石入りバケツ",
  "item.industrialforegoing.fermented_ore_meat_bucket": "発酵鉱石入りバケツ",
  "item.industrialforegoing.meat_feeder": "携帯バーベキュー",
  "item.industrialforegoing.mob_imprisonment_tool": "モブボール",
  "item.industrialforegoing.tinydryrubber": "小さい乾燥ゴム",
  "item.industrialforegoing.dryrubber": "乾燥ゴム",
  "item.industrialforegoing.plastic": "プラスチック",
  "item.industrialforegoing.fertilizer": "肥料",
  "item.industrialforegoing.laser_lens": "レーザーレンズ",
  "item.industrialforegoing.laser_lens_inverted": "反転レンズ",
  "item.industrialforegoing.range_addon": "範囲アドオン",
  "item.industrialforegoing.adult_filter": "親子反転アドオン",
  "item.industrialforegoing.redstone_inverted": "レッドストーン反転",
  "item.industrialforegoing.machinehull": "機械ケース",
  "item.industrialforegoing.straw": "ストロー",
  "item.industrialforegoing.artificial_dye": "工業用染料",
  "item.industrialforegoing.pink_slime": "ピンクスライム",
  "item.industrialforegoing.energy_field_addon": "エネルギー転送アドオン",
  "item.industrialforegoing.leaf_shearing": "葉回収アドオン",
  "item.industrialforegoing.book_manual": "Industrial Foregoing 説明書",
  "item.industrialforegoing.itemstack_transfer_addon": "アイテム輸送アドオン",
  "item.industrialforegoing.fluid_transfer_addon": "液体輸送アドオン",
  "item.industrialforegoing.pink_slime_ingot": "ピンクスライムインゴット",
  "item.industrialforegoing.fortune_addon": "幸運アドオン",
  "item.industrialforegoing.infinity_drill": "インフィニティドリル",
  "item.industrialforegoing.infinity_saw": "インフィニティソー",
  "item.industrialforegoing.infinity_hammer": "インフィニティハンマー",
  "item.industrialforegoing.infinity_trident": "インフィニティトライデント",
  "item.industrialforegoing.infinity_backpack": "インフィニティバック",
  "item.industrialforegoing.infinity_launcher": "インフィニティランチャー",
  "item.industrialforegoing.infinity_nuke": "インフィニティニューク",
  "item.industrialforegoing.item_transporter_type": "アイテム輸送板",
  "item.industrialforegoing.fluid_transporter_type": "液体輸送板",
  "item.industrialforegoing.world_transporter_type": "マルチ輸送板",
  "tooltip.titanium.facing_handler.lens": "レンズ",
  "tooltip.titanium.facing_handler.fuel_input": "燃料搬入",
  "tooltip.titanium.facing_handler.input_fluid": "液体搬入",
  "tooltip.titanium.facing_handler.output_fluid": "液体搬出",
  "tooltip.titanium.facing_handler.sludge": "汚泥",
  "tooltip.titanium.facing_handler.pink_slime": "ピンクスライム",
  "tooltip.titanium.facing_handler.meat": "肉塊",
  "tooltip.titanium.facing_handler.sewage": "汚水",
  "tooltip.titanium.facing_handler.latex": "樹液",
  "tooltip.titanium.facing_handler.essence": "エッセンス",
  "tooltip.titanium.facing_handler.biofuel": "バイオ燃料",
  "tooltip.titanium.facing_handler.fertilizer": "肥料",
  "tooltip.titanium.facing_handler.fluid_output": "液体搬出",
  "tooltip.titanium.facing_handler.food": "食料搬入",
  "tooltip.titanium.facing_handler.input_items": "アイテム搬入",
  "tooltip.titanium.facing_handler.enchanted_items": "エンチャントされたアイテム",
  "tooltip.titanium.facing_handler.no_enchanted_items": "エンチャントされてないアイテム",
  "tooltip.titanium.facing_handler.input_books": "本搬入",
  "tooltip.titanium.facing_handler.input_enchanted_items": "エンチャントされたアイテム搬入",
  "tooltip.titanium.facing_handler.enchanted_books": "エンチャント本搬出",
  "tooltip.titanium.facing_handler.enchantless_items": "エンチャントされてないアイテム搬出",
  "tooltip.titanium.facing_handler.input_enchanted_books": "エンチャント本搬入",
  "tooltip.titanium.facing_handler.experience_tank": "エッセンスタンク",
  "tooltip.titanium.facing_handler.mob_drops": "ドロップアイテム搬出",
  "tooltip.titanium.facing_handler.water_tank": "水タンク",
  "tooltip.titanium.facing_handler.ingredients_items": "材料搬入",
  "tooltip.titanium.facing_handler.potions_items": "ポーション搬出",
  "tooltip.titanium.facing_handler.glass_bottles_input": "ガラス瓶搬入",
  "tooltip.titanium.facing_handler.food_items": "食料搬入",
  "tooltip.titanium.facing_handler.seeds_input": "種類搬入",
  "tooltip.titanium.facing_handler.fertilizer_input": "肥料搬入",
  "tooltip.titanium.facing_handler.output_items": "アイテム搬出",
  "tooltip.titanium.facing_handler.sludge_tank": "汚泥タンク",
  "tooltip.titanium.facing_handler.crops_output": "作物搬出",
  "tooltip.titanium.facing_handler.fish_output": "釣れたアイテム搬出",
  "tooltip.titanium.facing_handler.tank": "タンク",
  "tooltip.titanium.facing_handler.meat_tank": "肉塊タンク",
  "tooltip.titanium.facing_handler.pink_slime_tank": "ピンクスライムタンク",
  "tooltip.titanium.facing_handler.mob_imprisonment_tool": "モブボール",
  "tooltip.titanium.facing_handler.ether": "エーテルガス",
  "tooltip.titanium.facing_handler.latex_tank": "樹液タンク",
  "tooltip.titanium.facing_handler.sewage_tank": "汚水タンク",
  "tooltip.titanium.facing_handler.lava_tank": "溶岩タンク",
  "tooltip.titanium.facing_handler.biofuel_tank": "バイオ燃料タンク",
  "tooltip.titanium.facing_handler.ores_input": "鉱石搬入",
  "tooltip.titanium.facing_handler.essence_tank": "エッセンスタンク",
  "tooltip.titanium.facing_handler.processed_ores_output": "液体鉱石搬出",
  "tooltip.titanium.facing_handler.black_hole_units": "ブラックホールユニット",
  "tooltip.titanium.facing_handler.material_process": "材料処理",
  "tooltip.titanium.facing_handler.villager_mob_imprisonment_tool": "村人入りモブボール",
  "tooltip.titanium.facing_handler.trade_input": "取引アイテム搬入",
  "tooltip.titanium.facing_handler.trade_output": "取引アイテム搬出",
  "tooltip.titanium.facing_handler.dye_items": "染料",
  "tooltip.titanium.facing_handler.lens_items": "レンズ",
  "tooltip.titanium.facing_handler.filter": "アイテムタイプフィルター",
  "tooltip.titanium.facing_handler.change": "変換アイテム",
  "tooltip.titanium.facing_handler.output_tank": "液体搬出",
  "tooltip.titanium.facing_handler.wither_skulls": "ウィザースケルトンの頭",
  "tooltip.titanium.facing_handler.soulsand": "ソウルブロック",
  "tooltip.titanium.facing_handler.crafting": "作業台",
  "tooltip.titanium.facing_handler.output": "搬出",
  "tooltip.titanium.facing_handler.input": "搬入",
  "tooltip.titanium.facing_handler.water": "水",
  "tooltip.titanium.facing_handler.lava": "溶岩",
  "tooltip.titanium.facing_handler.input_red": "赤色の染料",
  "tooltip.titanium.facing_handler.input_green": "緑色の染料",
  "tooltip.titanium.facing_handler.input_blue": "青色の染料",
  "tooltip.titanium.facing_handler.inventorygenerator": "生成物",
  "tooltip.titanium.facing_handler.inventoryfirst": "作業工程1",
  "tooltip.titanium.facing_handler.inventorysecond": "作業工程2",
  "tooltip.titanium.facing_handler.inventorythird": "作業工程3",
  "tooltip.titanium.facing_handler.inventoryfour": "作業工程4",
  "tooltip.titanium.facing_handler.inputenchanteditem": "エンチャントされたアイテム搬入",
  "tooltip.titanium.facing_handler.inputbook": "本搬入",
  "tooltip.titanium.facing_handler.outputnoenchanteditem": "エンチャントされてないアイテム搬出",
  "tooltip.titanium.facing_handler.outputenchantedbook": "エンチャント本搬出",
  "tooltip.titanium.facing_handler.noenchanted": "エンチャントされてないアイテム",
  "tooltip.titanium.facing_handler.enchanted": "エンチャントされたアイテム",
  "tooltip.titanium.facing_handler.inputfirst": "1つ目の材料",
  "tooltip.titanium.facing_handler.inputsecond": "2つ目の材料",
  "tooltip.titanium.facing_handler.bottleinput": "ボトル搬入",
  "tooltip.titanium.facing_handler.blazeinput": "ブレイズパウダー搬入",
  "tooltip.titanium.facing_handler.brewinginput": "醸造搬入",
  "tooltip.titanium.facing_handler.charging": "チャージ",
  "tooltip.titanium.facing_handler.furnace.input_0": "搬入",
  "tooltip.titanium.facing_handler.slimey.input_0": "牛乳搬入",
  "tooltip.titanium.facing_handler.slimey.input_1": "スライム搬入",
  "tooltip.titanium.facing_handler.culinary.input_0": "食料搬入",
  "tooltip.titanium.facing_handler.potion.input_0": "ポーション搬入",
  "tooltip.titanium.facing_handler.disenchantment.input_0": "エンチャントされたアイテム搬入",
  "tooltip.titanium.facing_handler.disenchantment.input_1": "搬出",
  "tooltip.titanium.facing_handler.ender.input_0": "エンダーアイテム搬入",
  "tooltip.titanium.facing_handler.explosive.input_0": "火薬搬入",
  "tooltip.titanium.facing_handler.frosty.input_0": "冷却材搬入",
  "tooltip.titanium.facing_handler.halitosis.input_0": "ブレス搬入",
  "tooltip.titanium.facing_handler.magma.input_0": "溶岩搬入",
  "tooltip.titanium.facing_handler.magma.input_1": "レッドストーン搬入",
  "tooltip.titanium.facing_handler.pink.input_0": "ピンクアイテム搬入",
  "tooltip.titanium.facing_handler.netherstar.input_0": "ネザースター搬入",
  "tooltip.titanium.facing_handler.rocket.input_0": "ロケット花火搬入",
  "tooltip.titanium.facing_handler.crimed.input_0": "ネザー植物搬入",
  "tooltip.titanium.facing_handler.death.input_0": "アンデットアイテム搬入",
  "tooltip.titanium.facing_handler.meatallurgic.input_0": "肉塊搬入",
  "tooltip.titanium.facing_handler.meatallurgic.input_1": "鉱石インゴット搬入",
  "tooltip.titanium.facing_handler.sand": "砂搬入",
  "tooltip.titanium.facing_handler.catalyst": "触媒搬入",
  "tooltip.industrialforegoing.generating": "発電: ",
  "tooltip.industrialforegoing.usage": "使用: ",
  "tooltip.industrialforegoing.needs": "必要: ",
  "tooltip.industrialforegoing.consumes": "消費: ",
  "tooltip.industrialforegoing.mb_of": "%smb",
  "tooltip.industrialforegoing.action": "動作: ",
  "tooltip.industrialforegoing.stonework.smelt": "かまど",
  "tooltip.industrialforegoing.stonework.crush": "粉砕",
  "tooltip.industrialforegoing.stonework.small_craft": "2x2 クラフト",
  "tooltip.industrialforegoing.stonework.big_craft": "3x3 クラフト",
  "tooltip.industrialforegoing.stonework.none": "なし",
  "tooltip.industrialforegoing.enchantment_extractor.extract": "エンチャント抽出",
  "tooltip.industrialforegoing.enchantment_extractor.extract_extra": "エンチャントを本に抽出する",
  "tooltip.industrialforegoing.enchantment_extractor.consume": "エッセンス変換",
  "tooltip.industrialforegoing.enchantment_extractor.consume_extra": "エンチャットをエッセンスに変換する",
  "tooltip.industrialforegoing.mob_crusher.produce": "エッセンス生成",
  "tooltip.industrialforegoing.mob_crusher.produce_extra": "モブからエッセンスを生成する",
  "tooltip.industrialforegoing.mob_crusher.consume": "エッセンスを消費してドロップ増加を適用",
  "tooltip.industrialforegoing.mob_crusher.consume_extra_1": "モブを処理するたびにエッセンスを生成する",
  "tooltip.industrialforegoing.mob_crusher.consume_extra_2": "ドロップ増加を任意のレベルで適用する",
  "tooltip.industrialforegoing.bl.compact_unit": "アイテム数で表示",
  "tooltip.industrialforegoing.bl.stack_unit": "スタック数で表示",
  "tooltip.industrialforegoing.bl.void_unit": "余剰分を破棄する",
  "tooltip.industrialforegoing.bl.no_void_unit": "余剰分を破棄しない",
  "tooltip.industrialforegoing.bl.show_unit_display": "アイテムを表示",
  "tooltip.industrialforegoing.bl.hide_unit_display": "アイテムを非表示",
  "tooltip.industrialforegoing.backpack.void": "余剰分を破棄: ",
  "tooltip.industrialforegoing.backpack.refill": "自動補充: ",
  "tooltip.industrialforegoing.backpack.magnet_enabled": "マグネット有効",
  "tooltip.industrialforegoing.backpack.magnet_disabled": "マグネット無効",
  "tooltip.industrialforegoing.backpack.pickup_all": "アイテムと経験値を収集",
  "tooltip.industrialforegoing.backpack.item_pickup_enabled": "アイテムを収集",
  "tooltip.industrialforegoing.backpack.xp_pickup_enabled": "経験値を収集",
  "tooltip.industrialforegoing.backpack.pickup_disabled": "収集無効",
  "tooltip.industrialforegoing.backpack.pickup_extra": "スニーク + 設定キーでモード変更",
  "tooltip.industrialforegoing.backpack.pickup_extra_1": "Ctrl + 設定キーで無効",
  "text.industrialforegoing.button.none": "選択なし",
  "text.industrialforegoing.depth": "深さ: ",
  "text.industrialforegoing.target": "対象: ",
  "text.industrialforegoing.target_not_found": "404 Not Found ",
  "conveyor.upgrade.error": "コンベヤアップグレードが無効",
  "conveyor.upgrade.industrialforegoing.insertion": "搬入コンベヤアップグレード",
  "conveyor.upgrade.industrialforegoing.extraction": "搬出コンベヤアップグレード",
  "conveyor.upgrade.industrialforegoing.detection": "検知コンベヤアップグレード",
  "conveyor.upgrade.industrialforegoing.bouncing": "跳躍コンベヤアップグレード",
  "conveyor.upgrade.industrialforegoing.dropping": "ドロップコンベヤアップグレード",
  "conveyor.upgrade.industrialforegoing.blinking": "瞬間移動コンベヤアップグレード",
  "conveyor.upgrade.industrialforegoing.splitting": "分配コンベヤアップグレード",
  "conveyor.upgrade.industrialforegoing.tooltip.whitelist": "ホワイトリスト",
  "conveyor.upgrade.industrialforegoing.tooltip.blacklist": "ブラックリスト",
  "conveyor.upgrade.industrialforegoing.tooltip.insert_near": "アップグレードに触れたアイテムを搬入",
  "conveyor.upgrade.industrialforegoing.tooltip.insert_all": "コンベヤに乗ったアイテムを搬入",
  "conveyor.upgrade.industrialforegoing.tooltip.redstone_normal": "通常モード",
  "conveyor.upgrade.industrialforegoing.tooltip.redstone_inverted": "反転モード",
  "conveyor.upgrade.industrialforegoing.tooltip.increase": "上昇",
  "conveyor.upgrade.industrialforegoing.tooltip.decrease": "下降",
  "conveyor.upgrade.industrialforegoing.tooltip.bouncing_horizontal": "水平方向の強さ",
  "conveyor.upgrade.industrialforegoing.tooltip.bouncing_vertical": "垂直方向の強さ",
  "conveyor.upgrade.industrialforegoing.tooltip.distance_horizontal": "水平方向の距離",
  "conveyor.upgrade.industrialforegoing.tooltip.distance_vertical": "垂直方向の距離",
  "conveyor.upgrade.industrialforegoing.tooltip.splitting_ratio": "分配比率",
  "conveyor.upgrade.industrialforegoing.tooltip.regulated_true": "規制 有効",
  "conveyor.upgrade.industrialforegoing.tooltip.regulated_false": "規制 無効",
  "text.industrialforegoing.tooltip.infinitydrill.poor": "プーア",
  "text.industrialforegoing.tooltip.infinitydrill.common": "コモン",
  "text.industrialforegoing.tooltip.infinitydrill.uncommon": "アンコモン",
  "text.industrialforegoing.tooltip.infinitydrill.rare": "レア",
  "text.industrialforegoing.tooltip.infinitydrill.epic": "エピック",
  "text.industrialforegoing.tooltip.infinitydrill.legendary": "レジェンダリー",
  "text.industrialforegoing.tooltip.infinitydrill.artifact": "アーティファクト",
  "item.industrialforegoing.iron_gear": "鉄の歯車",
  "item.industrialforegoing.gold_gear": "金の歯車",
  "item.industrialforegoing.diamond_gear": "ダイヤモンドの歯車",
  "item.industrialforegoing.addon": "アドオン: ",
  "item.industrialforegoing.efficiency": "効率 ",
  "item.industrialforegoing.speed": "スピード ",
  "item.industrialforegoing.processing": "処理 ",
  "industrialforegoing.subtitle.nuke_arming": "核爆弾は準備中",
  "industrialforegoing.subtitle.nuke_charging": "核爆弾はチャージ中",
  "industrialforegoing.subtitle.nuke_explosion": "核爆弾による死と破壊を受け入れよ",
  "entity.industrialforegoing.infinity_nuke": "インフィニティニューク"
}
